	UNIPROT_ID	Entry_name	Status	Protein_names	Gene names	Organism	Length	Linage	Sequence	Taxonomic lineage IDs	PDB_CHAIN_LIST	pdb_chain_count
0	P15802	AAAA_PENCH	reviewed	Acyl-coenzyme A:6-aminopenicillanic-acid-acyltransferase 40 kDa form (EC 2.3.1.164) (Isopenicillin-N N-acyltransferase) [Cleaved into: Acyl-coenzyme A:6-aminopenicillanic-acid-acyltransferase 11 kDa subunit; Acyl-coenzyme A:6-aminopenicillanic-acid-acyltransferase 29 kDa subunit]	penDE aat	Penicillium chrysogenum (Penicillium notatum)	357	cellular organisms, Eukaryota, Opisthokonta, Fungi, Dikarya, Ascomycota, saccharomyceta, Pezizomycotina, leotiomyceta, Eurotiomycetes, Eurotiomycetidae, Eurotiales (green and blue molds), Aspergillaceae, Penicillium, Penicillium chrysogenum species complex, Penicillium chrysogenum (Penicillium notatum)	MLHILCQGTPFEIGYEHGSAAKAVIARSIDFAVDLIRGKTKKTDEELKQVLSQLGRVIEERWPKYYEEIRGIAKGAERDVSEIVMLNTRTEFAYGLKAARDGCTTAYCQLPNGALQGQNWDFFSATKENLIRLTIRQAGLPTIKFITEAGIIGKVGFNSAGVAVNYNALHLQGLRPTGVPSHIALRIALESTSPSQAYDRIVEQGGMAASAFIMVGNGHEAFGLEFSPTSIRKQVLDANGRMVHTNHCLLQHGKNEKELDPLPDSWNRHQRMEFLLDGFDGTKQAFAQLWADEDNYPFSICRAYEEGKSRGATLFNIIYDHARREATVRLGRPTNPDEMFVMRFDEEDERSALNARL	5076	['2X1C_A', '2X1C_B', '2X1C_C', '2X1C_D', '2X1D_A', '2X1D_C', '2X1E_A', '2X1E_C']	8
1	P84887	AAUA_ALCFA	reviewed	Aralkylamine dehydrogenase light chain (EC 1.4.9.2) (Aromatic amine dehydrogenase) (AADH)	aauA	Alcaligenes faecalis	182	cellular organisms, Bacteria, Proteobacteria, Betaproteobacteria, Burkholderiales, Alcaligenaceae, Alcaligenes, Alcaligenes faecalis	MRWLDKFGESLSRSVAHKTSRRSVLRSVGKLMVGSAFVLPVLPVARAAGGGGSSSGADHISLNPDLANEDEVNSCDYWRHCAVDGFLCSCCGGTTTTCPPGSTPSPISWIGTCHNPHDGKDYLISYHDCCGKTACGRCQCNTQTRERPGYEFFLHNDVNWCMANENSTFHCTTSVLVGLAKN	511	['2AGL_D', '2AGL_H', '2AGW_D', '2AGW_H', '2AGX_D', '2AGX_H', '2AGY_D', '2AGY_H', '2AGZ_D', '2AGZ_H', '2AH0_D', '2AH0_H', '2AH1_D', '2AH1_H', '2H3X_B', '2H3X_E', '2H47_B', '2H47_E', '2H47_G', '2H47_I', '2HJ4_D', '2HJ4_H', '2HJB_D', '2HJB_H', '2HKM_D', '2HKM_H', '2HKR_D', '2HKR_H', '2HXC_D', '2HXC_H', '2I0R_D', '2I0R_H', '2I0S_D', '2I0S_H', '2I0T_D', '2I0T_H', '2IAA_B', '2IAA_E', '2IUP_D', '2IUP_H', '2IUQ_D', '2IUQ_H', '2IUR_D', '2IUR_H', '2IUV_D', '2IUV_H', '2OIZ_D', '2OIZ_H', '2OJY_D', '2OJY_H', '2OK4_D', '2OK4_H', '2OK6_D', '2OK6_H', '2Q7Q_D', '2Q7Q_H']	56
3	P84888	AAUB_ALCFA	reviewed	Aralkylamine dehydrogenase heavy chain (EC 1.4.9.2) (Aromatic amine dehydrogenase) (AADH)	aauB	Alcaligenes faecalis	390	cellular organisms, Bacteria, Proteobacteria, Betaproteobacteria, Burkholderiales, Alcaligenaceae, Alcaligenes, Alcaligenes faecalis	MKSKFKLTTAAAMLGLMVLAGGAQAQDKPREVLTGGHSVSAPQENRIYVMDSVFMHLTESRVHVYDYTNGKFLGMVPTAFNGHVQVSNDGKKIYTMTTYHERITRGKRSDVVEVWDADKLTFEKEISLPPKRVQGLNYDGLFRQTTDGKFIVLQNASPATSIGIVDVAKGDYVEDVTAAAGCWSVIPQPNRPRSFMTICGDGGLLTINLGEDGKVASQSRSKQMFSVKDDPIFIAPALDKDKAHFVSYYGNVYSADFSGDEVKVDGPWSLLNDEDKAKNWVPGGYNLVGLHRASGRMYVFMHPDGKEGTHKFPAAEIWVMDTKTKQRVARIPGRDALSMTIDQQRNLMLTLDGGNVNVYDISQPEPKLLRTIEGAAEASLQVQFHPVGGV	511	['2AGL_A', '2AGL_B', '2AGW_A', '2AGW_B', '2AGX_A', '2AGX_B', '2AGY_A', '2AGY_B', '2AGZ_A', '2AGZ_B', '2AH0_A', '2AH0_B', '2AH1_A', '2AH1_B', '2H3X_A', '2H3X_D', '2H47_A', '2H47_D', '2H47_F', '2H47_H', '2HJ4_A', '2HJ4_B', '2HJB_A', '2HJB_B', '2HKM_A', '2HKM_B', '2HKR_A', '2HKR_B', '2HXC_A', '2HXC_B', '2I0R_A', '2I0R_B', '2I0S_A', '2I0S_B', '2I0T_A', '2I0T_B', '2IAA_A', '2IAA_D', '2IUP_A', '2IUP_B', '2IUQ_A', '2IUQ_B', '2IUR_A', '2IUR_B', '2IUV_A', '2IUV_B', '2OIZ_A', '2OIZ_B', '2OJY_A', '2OJY_B', '2OK4_A', '2OK4_B', '2OK6_A', '2OK6_B', '2Q7Q_A', '2Q7Q_B']	56
5	P0AAX1	ACRZ_ECO57	reviewed	Multidrug efflux pump accessory protein AcrZ (AcrAB-TolC multidrug efflux pump accessory protein AcrZ) (Acridine resistance protein Z)	acrZ Z0932 ECs0790	Escherichia coli O157:H7	49	cellular organisms, Bacteria, Proteobacteria, Gammaproteobacteria, Enterobacterales, Enterobacteriaceae, Escherichia, Escherichia coli, Escherichia coli O157:H7	MLELLKSLVFAVIMVPVVMAIILGLIYGLGEVFNIFSGVGKKDQPGQNH	83334	['5NC5_F', '5NC5_G', '5NC5_H', '5O66_M', '5O66_N', '5O66_O']	6
12	P07311	ACYP1_HUMAN	reviewed	Acylphosphatase-1 (EC 3.6.1.7) (Acylphosphatase, erythrocyte isozyme) (Acylphosphatase, organ-common type isozyme) (Acylphosphate phosphohydrolase 1)	ACYP1 ACYPE	Homo sapiens (Human)	99	cellular organisms, Eukaryota, Opisthokonta, Metazoa, Eumetazoa, Bilateria, Deuterostomia, Chordata, Craniata, Vertebrata, Gnathostomata (jawed vertebrates), Teleostomi, Euteleostomi, Sarcopterygii, Dipnotetrapodomorpha, Tetrapoda, Amniota, Mammalia, Theria, Eutheria, Boreoeutheria, Euarchontoglires, Primates, Haplorrhini, Simiiformes, Catarrhini, Hominoidea (apes), Hominidae (great apes), Homininae, Homo, Homo sapiens (Human)	MAEGNTLISVDYEIFGKVQGVFFRKHTQAEGKKLGLVGWVQNTDRGTVQGQLQGPISKVRHMQEWLETRGSPKSHIDKANFNNEKVILKLDYSDFQIVK	9606	['2K7J_A', '2K7K_A', '2VH7_A', '2W4C_A', '2W4P_A', '3TOQ_A']	6
15	P14904	AMPL_YEAST	reviewed	Vacuolar aminopeptidase 1 (EC 3.4.11.22) (Aminopeptidase yscI) (Leucine aminopeptidase IV) (LAPIV) (Lysosomal aminopeptidase III) (Polypeptidase) (Vacuolar aminopeptidase I)	APE1 API LAP4 YSC1 YKL103C YKL455	Saccharomyces cerevisiae (strain ATCC 204508 / S288c) (Baker's yeast)	514	cellular organisms, Eukaryota, Opisthokonta, Fungi, Dikarya, Ascomycota, saccharomyceta, Saccharomycotina (true yeasts), Saccharomycetes, Saccharomycetales, Saccharomycetaceae, Saccharomyces, Saccharomyces cerevisiae (Baker's yeast), Saccharomyces cerevisiae (strain ATCC 204508 / S288c) (Baker's yeast)	MEEQREILEQLKKTLQMLTVEPSKNNQIANEEKEKKENENSWCILEHNYEDIAQEFIDFIYKNPTTYHVVSFFAELLDKHNFKYLSEKSNWQDSIGEDGGKFYTIRNGTNLSAFILGKNWRAEKGVGVIGSHVDALTVKLKPVSFKDTAEGYGRIAVAPYGGTLNELWLDRDLGIGGRLLYKKKGTNEIKSALVDSTPLPVCRIPSLAPHFGKPAEGPFDKEDQTIPVIGFPTPDEEGNEPPTDDEKKSPLFGKHCIHLLRYVAKLAGVEVSELIQMDLDLFDVQKGTIGGIGKHFLFAPRLDDRLCSFAAMIALICYAKDVNTEESDLFSTVTLYDNEEIGSLTRQGAKGGLLESVVERSSSAFTKKPVDLHTVWANSIILSADVNHLYNPNFPEVYLKNHFPVPNVGITLSLDPNGHMATDVVGTALVEELARRNGDKVQYFQIKNNSRSGGTIGPSLASQTGARTIDLGIAQLSMHSIRAATGSKDVGLGVKFFNGFFKHWRSVYDEFGEL	559292	['4R8F_A', '4R8F_B', '4R8F_C', '4R8F_D', '5JGE_C', '5JGE_F', '5JGF_A', '5JGF_B', '5JGF_C', '5JGF_D', '5JH9_A', '5JH9_B', '5JH9_C', '5JH9_D', '5JHC_a', '5JHC_A', '5JHC_b', '5JHC_B', '5JHC_c', '5JHC_C', '5JHC_d', '5JHC_D', '5JHC_e', '5JHC_E', '5JHC_f', '5JHC_F', '5JHC_g', '5JHC_G', '5JHC_h', '5JHC_H', '5JHC_i', '5JHC_I', '5JHC_j', '5JHC_J', '5JHC_k', '5JHC_K', '5JHC_l', '5JHC_L', '5JHC_m', '5JHC_M', '5JHC_N', '5JHC_O', '5JHC_P', '5JHC_Q', '5JHC_R', '5JHC_S', '5JHC_T', '5JHC_U', '5JHC_V', '5JHC_W', '5JHC_X', '5JHC_Y', '5JHC_Z', '5JM9_A']	54
16	P20000	ALDH2_BOVIN	reviewed	Aldehyde dehydrogenase, mitochondrial (EC 1.2.1.3) (ALDH class 2) (ALDH-E2) (ALDHI)	ALDH2	Bos taurus (Bovine)	520	cellular organisms, Eukaryota, Opisthokonta, Metazoa, Eumetazoa, Bilateria, Deuterostomia, Chordata, Craniata, Vertebrata, Gnathostomata (jawed vertebrates), Teleostomi, Euteleostomi, Sarcopterygii, Dipnotetrapodomorpha, Tetrapoda, Amniota, Mammalia, Theria, Eutheria, Boreoeutheria, Laurasiatheria, Cetartiodactyla, Ruminantia, Pecora, Bovidae, Bovinae, Bos (oxen, cattle), Bos taurus (Bovine)	MLRAVALAAARLGPRQGRRLLSAATQAVPTPNQQPEVLYNQIFINNEWHDAVSKKTFPTVNPSTGDVICHVAEGDKADVDRAVKAARAAFQLGSPWRRMDASERGRLLNRLADLIERDRTYLAALETLDNGKPYIISYLVDLDMVLKCLRYYAGWADKYHGKTIPIDGDYFSYTRHEPVGVCGQIIPWNFPLLMQAWKLGPALATGNVVVMKVAEQTPLTALYVANLIKEAGFPPGVVNVIPGFGPTAGAAIASHEDVDKVAFTGSTEVGHLIQVAAGKSNLKRVTLELGGKSPNIIMSDADMDWAVEQAHFALFFNQGQCCCAGSRTFVQEDIYAEFVERSVARAKSRVVGNPFDSRTEQGPQVDETQFKKVLGYIKSGKEEGAKLLCGGGAAADRGYFIQPTVFGDVQDGMTIAKEEIFGPVMQILKFKSMEEVVGRANNSKYGLAAAVFTKDLDKANYLSQALQAGTVWVNCYDVFGAQSPFGGYKLSGSGRELGEYGLQAYTEVKTVTVRVPQKNS	9913	['1A4Z_A', '1A4Z_B', '1A4Z_C', '1A4Z_D', '1AG8_A', '1AG8_B', '1AG8_C', '1AG8_D']	8
18	O74859	APTX_SCHPO	reviewed	Aprataxin-like protein (EC 3.1.11.7) (EC 3.1.12.2) (Hit family protein 3)	hnt3 SPCC18.09c	Schizosaccharomyces pombe (strain 972 / ATCC 24843) (Fission yeast)	232	cellular organisms, Eukaryota, Opisthokonta, Fungi, Dikarya, Ascomycota, Taphrinomycotina, Schizosaccharomycetes, Schizosaccharomycetales, Schizosaccharomycetaceae, Schizosaccharomyces, Schizosaccharomyces pombe (Fission yeast), Schizosaccharomyces pombe (strain 972 / ATCC 24843) (Fission yeast)	MSVHKTNDAFKVLMNSAKEPIVEDIPKKYRKQSFRDNLKVYIESPESYKNVIYYDDDVVLVRDMFPKSKMHLLLMTRDPHLTHVHPLEIMMKHRSLVEKLVSYVQGDLSGLIFDEARNCLSQQLTNEALCNYIKVGFHAGPSMNNLHLHIMTLDHVSPSLKNSAHYISFTSPFFVKIDTPTSNLPTRGTLTSLFQEDLKCWRCGETFGRHFTKLKAHLQEEYDDWLDKSVSM	284812	['3SP4_A', '3SP4_B', '3SPD_A', '3SPD_B', '3SPD_C', '3SPD_D', '3SPL_A', '3SPL_B', '3SPL_C', '3SPL_D', '3SZQ_A', '4XBA_A', '4XBA_B', '4YKL_B']	14
23	P30533	AMRP_HUMAN	reviewed	Alpha-2-macroglobulin receptor-associated protein (Alpha-2-MRAP) (Low density lipoprotein receptor-related protein-associated protein 1) (RAP)	LRPAP1 A2MRAP	Homo sapiens (Human)	357	cellular organisms, Eukaryota, Opisthokonta, Metazoa, Eumetazoa, Bilateria, Deuterostomia, Chordata, Craniata, Vertebrata, Gnathostomata (jawed vertebrates), Teleostomi, Euteleostomi, Sarcopterygii, Dipnotetrapodomorpha, Tetrapoda, Amniota, Mammalia, Theria, Eutheria, Boreoeutheria, Euarchontoglires, Primates, Haplorrhini, Simiiformes, Catarrhini, Hominoidea (apes), Hominidae (great apes), Homininae, Homo, Homo sapiens (Human)	MAPRRVRSFLRGLPALLLLLLFLGPWPAASHGGKYSREKNQPKPSPKRESGEEFRMEKLNQLWEKAQRLHLPPVRLAELHADLKIQERDELAWKKLKLDGLDEDGEKEARLIRNLNVILAKYGLDGKKDARQVTSNSLSGTQEDGLDDPRLEKLWHKAKTSGKFSGEELDKLWREFLHHKEKVHEYNVLLETLSRTEEIHENVISPSDLSDIKGSVLHSRHTELKEKLRSINQGLDRLRRVSHQGYSTEAEFEEPRVIDLWDLAQSANLTDKELEAFREELKHFEAKIEKHNHYQKQLEIAHEKLRHAESVGDGERVSRSREKHALLEGRTKELGYTVKKHLQDLSGRISRARHNEL	9606	['1LRE_A', '1NRE_A', '1OP1_A', '1OV2_A', '2FCW_A', '2FTU_A', '2FYL_A', '2P01_A', '2P03_A']	9
